{
  "custom": {},
  "params": {},
  "props": {
    "defaultSize": {
      "height": 60,
      "width": 1600
    }
  },
  "root": {
    "children": [
      {
        "meta": {
          "name": "HorizontalMenu"
        },
        "position": {
          "height": 1,
          "width": 1
        },
        "props": {
          "itemStyle": {
            "backgroundColor": "#2B2B2B",
            "color": "#D5D5D5",
            "fontSize": 20,
            "fontWeight": "bolder"
          },
          "items": [
            {
              "enabled": true,
              "icon": {
                "path": ""
              },
              "label": "About",
              "style": {
                "classes": ""
              },
              "target": ""
            },
            {
              "enabled": true,
              "icon": {
                "color": "",
                "path": "\n"
              },
              "items": [],
              "label": "Create A Deck!",
              "style": {
                "classes": ""
              },
              "target": "/build"
            },
            {
              "enabled": true,
              "icon": {
                "path": ""
              },
              "label": "Edit Deck",
              "style": {
                "classes": ""
              },
              "target": "/aspectbuilder"
            }
          ],
          "style": {
            "backgroundColor": "#555555"
          }
        },
        "type": "ia.navigation.horizontalmenu"
      }
    ],
    "meta": {
      "name": "root"
    },
    "props": {
      "mode": "percent"
    },
    "type": "ia.container.coord"
  }
}